eoi_code,city,lat,lon,openaq_found,openaq_id,openaq_name
IT0459A,Chiaravalle,43.5989,13.3419,1,8223.0,CHIARAVALLE2
IT0460A,Jesi,43.5269,13.245,1,8460.0,JESI
IT0461A,Falconara Marittima,43.6333,13.3875,1,8459.0,FALCONARA SCUOLA
IT0470A,Torino,45.1041,7.6953,1,8456.0,Torino - Rebaudengo
IT0477A,Milano (greater city),45.4956,9.1914,1,8357.0,MILANO - V.LE MARCHE
IT0480A,Milano (greater city),45.5339,9.2364,1,8356.0,SESTO S.GIOVANNI
IT0499A,Laces/Latsch,46.6195,10.8591,1,7648.0,LA1 Laces
IT0591A,Rovereto,45.8924,11.0394,1,8454.0,ROVERETO LGP
IT0594A,Brescia,45.5408,10.2236,2,8277.0,BRESCIA – VIA TARTAGLIA
IT0614A,Priolo Gargallo,37.1561,15.1909,1,2162969.0,Priolo
IT0663A,Schio,45.7144,11.3686,1,8451.0,SCHIO
IT0692A,Sannazzaro de' Burgondi,45.1017,8.9056,1,8007.0,SANNAZZARO
IT0703A,Borgo Valsugana,46.0518,11.4539,1,8450.0,BORGO VAL
IT0707A,Bergamo,45.6903,9.6439,1,8346.0,BERGAMO - VIA MEUCCI
IT0771A,Como,45.8044,9.0836,1,8128.0,COMO - VIALE CATTANEO
IT0777A,Merate,45.698,9.4062,2,8338.0,MERATE
IT0778A,Treviglio,45.5183,9.5914,2,8336.0,TREVIGLIO
IT0804A,Parma,44.7936,10.3317,-1,,
IT0825A,Roma,41.9474,12.4696,2,7530.0,C.SO FRANCIA
IT0840A,Soresina,45.2847,9.8642,1,8330.0,SORESINA
IT0854A,Genova,44.4182,8.9274,2,221509.0,IT0854A
IT0858A,Genova,44.3949,8.9915,2,160589.0,IT0858A
IT0861A,Firenze,43.7731,11.2722,1,8030.0,FI-GRAMSCI
IT0862A,Firenze,43.7867,11.2875,1,8447.0,FI-BASSI
IT0863A,Viterbo,42.4221,12.1092,2,7543.0,VITERBO
IT0867A,Rieti,42.4047,12.8578,3,7541.0,Rieti 1
IT0871A,Ferentino,41.6879,13.2656,1,2162860.0,FERENTINO
IT0885A,Civitavecchia,42.0916,11.8025,-1,,
IT0887A,Guidonia Montecelio,41.9956,12.7266,3,7546.0,Guidonia
IT0889A,Colleferro,41.725,13.0097,4,7526.0,COLLEFERRO EUROPA
IT0892A,Bologna,44.4833,11.355,2,7602.0,GIARDINI MARGHERITA
IT0898A,Napoli (greater city),40.8542,14.2513,3,8408.0,IT1497A
IT0903A,Castellarano,44.5161,10.7339,1,7609.0,CASTELLARANO
IT0908A,Bormio,46.4703,10.3725,1,8443.0,BORMIO
IT0912A,Pavia,45.1939,9.1647,1,8313.0,PAVIA - VIA FOLPERTI
IT0934A,Benevento,41.1315,14.7894,1,2162880.0,Via Mustilli
IT0940A,Reggio nell'Emilia,44.6908,10.6647,2,7619.0,S. LAZZARO
IT0945A,Prato,43.8747,11.1053,1,8441.0,PO-FERRUCCI
IT0950A,Arezzo,43.4611,11.8889,1,8440.0,AR-ACROPOLI
IT0952A,Roma,41.8895,12.2663,1,7551.0,CASTEL DI GUIDO
IT0953A,Roma,41.9329,12.5069,2,7540.0,VILLA ADA
IT0956A,Roma,41.8577,12.5687,1,7558.0,Cinecitta
IT0957A,Roma,41.9295,12.6585,3,7552.0,Cavaliere
IT0963A,Venezia,45.4992,12.2622,1,7678.0,VE - Parco Bissuola
IT0966A,Udine,46.0661,13.2406,2,2163010.0,Udine - via S.Daniele
IT0983A,Aosta,45.7358,7.3242,4,275223.0,balcone 4° piano durante la nevicata
IT0989A,Leonessa,42.5726,12.9621,2,7555.0,LEONESSA
IT0992A,Fontechiari,41.6692,13.6743,2,7565.0,Fontechiari
IT1011A,Terni,42.56,12.6508,2,8304.0,CARRARA
IT1016A,Milano (greater city),45.4697,9.1981,2,8303.0,MILANO - SENATO
IT1026A,Busalla,44.5695,8.9468,3,221593.0,IT1026A
IT1030A,Faenza,44.2833,11.8706,1,7617.0,PARCO BERTOZZI
IT1037A,Trento,46.0629,11.1262,2,8436.0,IT1037A
IT1043A,Rimini,44.0625,12.5533,1,8299.0,MARECCHIA
IT1048A,Forlì,44.2192,12.0489,4,7237.0,ROMA
IT1065A,Bassano del Grappa,45.7608,11.7367,1,8060.0,BASSANO DEL GRAPPA
IT1078A,Palermo,38.111,13.3503,2,2162943.0,PA - Indipendenza
IT1079A,Palermo,38.1244,13.3542,1,2162942.0,PA - Castelnuovo
IT1110A,Pisa,43.7389,10.4017,1,8294.0,PI-PASSI
IT1128A,Borgaro Torinese,45.1546,7.658,1,8430.0,Borgaro T. - Caduti
IT1130A,Settimo Torinese,45.1432,7.7782,1,8429.0,Settimo T. - Vivaldi
IT1137A,Trieste,45.6572,13.7722,0,,
IT1143A,Vado Ligure,44.2725,8.4389,1,221500.0,VIA AURELIA - VIA FERRARIS - VADO L.
IT1144A,Quiliano,44.2871,8.4317,1,2162920.0,MERCATO GENERALE - QUILIANO
IT1145A,Savona,44.3127,8.4729,3,221506.0,IT1145A
IT1153A,Cremona,45.1328,10.0167,1,8291.0,CREMONA - P.ZZA CADORNA
IT1159A,Bologna,44.4997,11.3283,2,7631.0,PORTA SAN FELICE
IT1166A,Tolmezzo,46.4019,13.0111,2,2163008.0,Tolmezzo - IFS
IT1170A,Udine,46.0351,13.2253,1,2163012.0,Udine - S.Osvaldo
IT1177A,Vicenza,45.5606,11.5397,1,8155.0,VI - Quartiere Italia
IT1179A,Jolanda di Savoia,44.8397,11.9611,2,7629.0,GHERARDI
IT1180A,Perugia,43.1031,12.3661,2,8191.0,CORTONESE
IT1182A,Perugia,43.0889,12.4419,1,8205.0,P.S.GIOVANNI
IT1183A,Cassino,41.4885,13.8307,3,7550.0,Cassino
IT1184A,Latina,41.5314,12.9466,2,7548.0,Latina-Scalo
IT1186A,Viareggio,43.8839,10.245,1,8426.0,LU-VIAREGGIO
IT1187A,Capannori,43.8408,10.5739,1,8425.0,LU-CAPANNORI
IT1204A,Ravenna,44.42,12.2256,2,7610.0,CAORLE
IT1215A,Rovigo,45.0747,11.7833,1,8048.0,RO - Largo Martiri
IT1222A,San Donà di Piave,45.6303,12.5917,1,8421.0,SAN DONA' DI PIAVE
IT1232A,Cairo Montenotte,44.3824,8.2807,2,221498.0,IT2107A
IT1247A,Biella,45.5588,8.0564,1,8419.0,Biella - Sturzo
IT1264A,Pescara,42.4664,14.2131,1,7793.0,PE - VIA FIRENZE
IT1269A,Sarroch,39.07,9.0167,1,8096.0,CENSA3
IT1286A,Lodi,45.3053,9.4856,2,8242.0,LODI S.ALBERTO
IT1294A,Turbigo,45.5258,8.7367,1,8163.0,TURBIGO
IT1328A,Conegliano,45.8906,12.3081,1,8418.0,CONEGLIANO
IT1343A,Verona,45.4625,10.9122,0,,
IT1361A,Fano,43.8397,13.0186,1,8221.0,VIA MONTEGRAPPA
IT1365A,Terni,42.5819,12.6236,1,8201.0,BORGO RIVO
IT1378A,Oristano,39.8989,8.5978,0,,
IT1385A,Darfo Boario Terme,45.8739,10.1775,1,8270.0,IT1385A
IT1388A,Ponti sul Mincio,45.4108,10.6919,1,8269.0,PONTI SUL MINCIO
IT1409A,Pisa,43.7139,10.4106,1,8267.0,PI-BORGHETTO
IT1423A,Pescara,42.4564,14.2347,1,7775.0,PE - TEATRO D'ANNUNZIO
IT1451A,Molinella,44.6622,11.6394,1,8260.0,SAN PIETRO CAPOFIUME
IT1453A,Padova,45.3719,11.8419,1,8414.0,PD - Mandria
IT1456A,La Spezia,44.1108,9.8321,2,221601.0,IT1456A
IT1457A,La Spezia,44.1016,9.8187,2,221594.0,IT1886A
IT1464A,Casirate d'Adda,45.4975,9.5564,1,8038.0,CASIRATE D'ADDA
IT1475A,Trieste,45.6242,13.7803,0,,
IT1486A,Caserta,41.0844,14.3447,2,8412.0,IT1487A
IT1487A,Caserta,41.078,14.3312,2,8412.0,IT1487A
IT1488A,Maddaloni,41.0459,14.3781,1,8596.0,CE54 SCUOLA SETTEMBRINI
IT1493A,Napoli (greater city),40.8643,14.3411,1,8410.0,NA09 I.T.I.S. ARGINE
IT1497A,Napoli (greater city),40.8637,14.2545,2,8408.0,IT1497A
IT1504A,Salerno,40.6839,14.7697,1,8407.0,SA22 Ospedale via Vernieri
IT1510A,Verbania,45.9303,8.5655,1,8405.0,Verbania - Gabardi
IT1518A,Novara,45.4383,8.6206,2,8376.0,Novara - Roma
IT1523A,Asti,44.9089,8.2055,1,8403.0,Asti - D'Acquisto
IT1529A,Cuneo,44.3818,7.5382,1,8401.0,Cuneo - Alpini
IT1532A,Borgosesia,45.7132,8.2835,1,8400.0,Borgosesia - Tonella
IT1533A,Vercelli,45.3284,8.4151,1,8399.0,Vercelli - Gastaldi
IT1536A,La Spezia,44.116,9.8439,3,221601.0,IT1456A
IT1544A,La Spezia,44.1067,9.8577,1,221602.0,FOSSAMASTRA - LA SPEZIA
IT1549A,Campomorone,44.5186,8.8738,1,221513.0,CAMPORA - CAMPOMORONE
IT1553A,Montale,43.9161,11.0069,1,8397.0,PT-MONTALE
IT1557A,Livorno,43.52,10.3217,1,8396.0,LI-CAPPIELLO
IT1560A,Livorno,43.5547,10.3297,1,8395.0,LI-CARDUCCI
IT1575A,Portoscuso,39.1772,8.4303,0,,
IT1576A,Portoscuso,39.2033,8.3861,0,,
IT1578A,Pesaro,43.8933,12.9189,1,8393.0,VIA SCARPELLINI
IT1582A,Casale Monferrato,45.1361,8.4452,1,1953581.0,Casale M.to - Castello
IT1587A,Gorizia,45.9369,13.6164,1,2163021.0,Gorizia - via Duca D'Aosta 117
IT1588A,Varese,45.8169,8.8203,1,8222.0,VARESE - VIA COPELLI
IT1590A,Treviso,45.6725,12.2386,1,8389.0,TV - Via Lancieri di Novara
IT1593A,Grosseto,42.7786,11.1192,1,8388.0,GR-URSS
IT1594A,Belluno,46.1414,12.2169,1,8387.0,BL - Parco Città di Bologna
IT1596A,Mansuè,45.8369,12.5103,1,8386.0,MANSUE'
IT1606A,Bari,41.1136,16.8881,1,8599.0,Caldarola
IT1609A,Taranto,40.5211,17.2536,1,2162927.0,Taranto CISI
IT1611A,Taranto,40.4886,17.2258,0,,
IT1613A,Taranto,40.4606,17.2633,1,2162930.0,taranto ADIGE
IT1618A,Brindisi,40.6342,17.9478,3,8613.0,brindisi VIA DEI MILLE
IT1619A,Feltre,46.0308,11.9058,1,8381.0,AREA FELTRINA
IT1621A,Bari,41.1233,16.8733,1,8066.0,CAVOUR
IT1650A,Milano (greater city),45.6269,9.0242,1,8361.0,SARONNO - SANTUARIO
IT1654A,Prato,43.8728,11.0919,1,8360.0,PO-ROMA
IT1658A,Torchiarolo,40.4881,18.0536,2,8606.0,TORCHIAROLO
IT1660A,Taranto,40.4944,17.2331,0,,
IT1665A,Lecce,40.4589,18.1161,1,8378.0,LECCE - S. M. Cerrate
IT1666A,Campi Salentina,40.4044,18.0297,1,8609.0,Campi Salentina
IT1681A,Chitignano,43.6603,11.9017,1,8353.0,AR-CASA-STABBI
IT1692A,Milano (greater city),45.4783,9.2358,1,8352.0,MILANO PASCAL CITT� STUDI
IT1696A,Laives/Leifers,46.4348,11.3401,2,7651.0,IT1696A
IT1698A,Genova,44.4049,8.9682,2,221510.0,IT1698A
IT1702A,Brindisi,40.6508,17.9436,2,8382.0,IT1618A
IT1706A,Savona,44.3131,8.4773,-1,,
IT1728A,Terni,42.5522,12.6517,2,8304.0,CARRARA
IT1737A,Brescia,45.5153,10.2194,1,8327.0,BRESCIA VILLAGGIO SERENO
IT1739A,Cremona,45.1422,10.0458,1,8089.0,CREMONA VIA FATEBENEFRATELLI
IT1740A,Melfi,41.0671,15.7227,1,8182.0,San Nicola di Melfi
IT1743A,Milano (greater city),45.5811,9.2744,1,8321.0,MONZA - VIA  MACHIAVELLI
IT1745A,Spoleto,42.7447,12.7133,0,,
IT1771A,Modena,44.6506,10.9063,2,7623.0,PARCO FERRARI
IT1773A,Genga,43.4681,12.9522,1,8232.0,Genga -Parco Gola della Rossa
IT1788A,Ivrea,45.4512,7.878,1,8372.0,Ivrea - Liberazione
IT1795A,Macerata,43.285,13.4286,1,8370.0,Macerata COLLEVARIO
IT1796A,Civitanova Marche,43.3356,13.6747,1,8233.0,Civitanova IPPODROMO S. MARONE
IT1798A,Campobasso,41.5542,14.6747,1,7660.0,CAMPOBASSO3
IT1800A,Termoli,42.0011,14.9936,1,7839.0,TERMOLI2
IT1801A,Termoli,41.9981,14.9933,1,7839.0,TERMOLI2
IT1804A,Venafro,41.4842,14.0472,0,,
IT1812A,Moggio,45.9131,9.4969,1,8369.0,MOGGIO
IT1817A,Monopoli,40.9567,17.2903,2,8616.0,MONOPOLI
IT1818A,Altamura,40.8278,16.5603,1,8617.0,ALTAMURA
IT1822A,Andria,41.2317,16.2917,1,8618.0,ANDRIA
IT1823A,Casamassima,40.9533,16.9197,1,8619.0,CASAMASSIMA
IT1826A,Lecco,45.8494,9.3958,1,8058.0,LECCO VIA AMENDOLA
IT1827A,Ancona,43.6117,13.5086,1,8367.0,Ancona Cittadella
IT1830A,Alessandria,44.9203,8.6232,1,8366.0,Alessandria - Volta
IT1836A,Roma,41.9064,12.4476,2,7561.0,CIPRO
IT1842A,Montemonaco,42.9006,13.3367,1,8548.0,MONTEMONACO
IT1843A,Ascoli Piceno,42.8486,13.6194,1,8546.0,MONTICELLI
IT1856A,L'Aquila,42.3642,13.3831,1,7790.0,AQ - Amiternum
IT1860A,Spoleto,42.7397,12.7372,1,8206.0,Piazza Vittoria
IT1863A,Vastogirardi,41.7594,14.2089,0,,
IT1865A,Schivenoglia,44.9969,11.0708,1,8285.0,SCHIVENOGLIA
IT1868A,Mantova,45.1606,10.7956,1,8284.0,MANTOVA SANT'AGNESE
IT1871A,Este,45.2267,11.6658,1,7681.0,ESTE
IT1874A,Parona,45.2811,8.7547,1,8075.0,PARONA
IT1876A,Calusco d'Adda,45.6833,9.4667,1,8278.0,CALUSCO
IT1877A,Torino,45.0419,7.6259,1,8541.0,Torino - Rubino
IT1878A,Vercelli,45.3189,8.4024,1,8540.0,Vercelli - CONI
IT1883A,Savona,44.3154,8.4854,3,221502.0,IT1883A
IT1890A,Enna,37.5641,14.2815,1,2162980.0,Enna
IT1894A,Ripatransone,42.9922,13.7847,0,,
IT1899A,Misterbianco,37.5157,15.0108,1,2162958.0,Misterbianco
IT1900A,Foligno,42.9517,12.7078,1,8207.0,PORTA ROMANA
IT1901A,Gubbio,43.3528,12.5764,1,8192.0,NET.IT252A
IT1902A,Torgiano,43.0669,12.4681,1,8193.0,BRUFA
IT1904A,Dernice,44.7633,9.0524,1,8536.0,Dernice - Costa
IT1905A,Vicenza,45.5319,11.5219,1,2163028.0,VI - Ferrovieri
IT1906A,Roma,41.894,12.4754,2,7529.0,Arenula
IT1908A,Savignano sul Rubicone,44.0958,12.4025,2,7614.0,SAVIGNANO
IT1911A,Langhirano,44.6575,10.2889,2,7616.0,BADIA
IT1914A,Guastalla,44.8731,10.6639,2,7620.0,S. ROCCO
IT1915A,San Clemente,43.9328,12.6275,2,7586.0,SAN CLEMENTE
IT1918A,Ferrara,44.825,11.6497,2,7625.0,VILLA FULVIA
IT1919A,Ostellato,44.7417,11.9422,2,7605.0,OSTELLATO
IT1921A,Mirandola,44.9278,11.1779,2,7606.0,GAVELLO
IT1924A,Besenzone,44.9894,10.0192,1,7599.0,BESENZONE
IT1927A,Alfonsine,44.5265,11.9814,2,7613.0,BALLIRANA
IT1932A,Lecce,40.3644,18.1731,1,8620.0,GARIGLIANO
IT1936A,Venezia,45.4383,12.2056,1,7963.0,VE - Malcontenta
IT1938A,Cosenza,39.3134,16.2452,1,8533.0,Città dei ragazzi
IT1940A,Locri,38.2298,16.2552,1,8246.0,Locri
IT1943A,Chiavari,44.3149,9.3236,1,221606.0,IT1943A
IT1947A,Sarroch,39.0667,9.0089,1,8096.0,CENSA3
IT1948A,Vinchio,44.808,8.3103,1,8531.0,Vinchio - San Michele
IT1953A,Galatina,40.1681,18.1736,1,8530.0,La Porta
IT1962A,Venafro,41.4789,14.0333,1,565178.0,VENAFRO2
IT1965A,Lodi,45.3028,9.4953,2,8242.0,LODI S.ALBERTO
IT1967A,Sondrio,46.1686,9.8803,2,8229.0,SONDRIO - VIA MAZZINI
IT1975A,Piacenza,45.0383,9.6692,2,7498.0,PARCO MONTECUCCO
IT1977A,Montesilvano,42.5175,14.1483,1,7792.0,MONTESILVANO
IT1993A,Monserrato,39.2606,9.1364,1,8101.0,CENMO1
IT1996A,Macomer,40.2564,8.7731,1,8098.0,CENMA1
IT1997A,Milazzo,38.1906,15.2491,1,2162953.0,Milazzo - Termica
IT2003A,Barletta,41.3167,16.2861,1,8527.0,stadio casardi
IT2004A,Perugia,43.1044,12.3747,2,8191.0,CORTONESE
IT2007A,Erba,45.8094,9.2228,1,2162855.0,ERBA- Via Battisti
IT2009A,Sassari,40.7244,8.5761,1,8121.0,CENS16
IT2010A,Porto Torres,40.8314,8.4053,1,8104.0,CENPT1
IT2011A,Seulo,39.8425,9.2164,1,8122.0,CENSE0
IT2012A,Roma,41.8748,12.3456,3,7538.0,Malagrotta
IT2013A,Frosinone,41.6396,13.349,1,7539.0,FROSINONE MAZZINI
IT2019A,Foggia,41.4539,15.5478,1,8621.0,Rosati
IT2023A,Acquapendente,42.7366,11.8764,2,7542.0,Acquapendente
IT2026A,Polistena,38.3999,16.0702,1,8234.0,Polistena
IT2028A,Reggio di Calabria,38.105,15.6388,2,8264.0,Piazza Castello
IT2031A,Crotone,39.0681,17.1142,1,8043.0,Gioacchino da Fiore (via)
IT2032A,Poggibonsi,43.4728,11.1419,1,8525.0,SI-POGGIBONSI
IT2033A,Ragusa,36.9171,14.734,1,2162987.0,RG - Campo Atletica
IT2038A,Albenga,44.0526,8.2054,2,221493.0,IT2038A
IT2039A,Rapallo,44.3517,9.2226,1,221610.0,CAMPO SPORTIVO MACERA - RAPALLO
IT2044A,Lecce,40.3519,18.1767,1,8623.0,LIBERTINI
IT2052A,Catania,37.5293,15.0811,1,2162960.0,CT - Parco Gioeni
IT2056A,Cagliari,39.2358,9.115,1,8099.0,CENCA1
IT2062A,Dalmine,45.6439,9.6147,1,8358.0,DALMiNE - Via Verdi
IT2063A,Spinadesco,45.1483,9.9403,1,8355.0,SPINADESCO
IT2064A,Gubbio,43.2739,12.6117,1,8196.0,Ghigiano
IT2066A,Gubbio,43.3583,12.5572,1,8195.0,Leonardo da Vinci
IT2067A,Gubbio,43.3178,12.6186,1,8194.0,Padule
IT2068A,Spoleto,42.7433,12.6664,0,,
IT2073A,Sassuolo,44.5394,10.7914,2,7621.0,PARCO EDILCARANI
IT2078A,Simeri Crichi,38.8705,16.6692,1,8329.0,Pietropaolo
IT2087A,Lamezia Terme,38.9596,16.2952,1,8521.0,Municipio
IT2089A,Catanzaro,38.9183,16.5792,1,8519.0,Parco della biodiversità mediterranea
IT2093A,Vibo Valentia,38.6646,16.0802,1,8516.0,Parco Urbano
IT2094A,Mammola,38.3909,16.2345,1,8311.0,Mammola
IT2097A,Alto Reno Terme,44.15,10.9261,1,8071.0,CASTELLUCCIO
IT2099A,Giano dell'Umbria,42.8047,12.5661,0,,
IT2100A,Magione,43.1331,12.2058,1,8197.0,Magione
IT2101A,Chieri,45.0028,7.8375,1,8515.0,Chieri - Bersezio
IT2104A,Valdilana,45.6642,8.1598,1,8513.0,Trivero - Ronco
IT2105A,Città di Castello,43.4569,12.2458,1,8198.0,C Castello
IT2107A,Cairo Montenotte,44.3832,8.2838,2,221498.0,IT2107A
IT2108A,Cairo Montenotte,44.3749,8.2987,1,221503.0,LOCALITA' BRAGNO - CAIRO MONTENOTTE
IT2109A,Amelia,42.5519,12.4197,1,8307.0,Amelia
IT2110A,Acri,39.4896,16.3868,1,8512.0,Acri
IT2111A,Martirano Lombardo,39.075,16.2314,1,8511.0,Martirano Lombardo
IT2112A,Rocca di Neto,39.1875,17.0103,1,8510.0,Rocca di Neto
IT2113A,Orvieto,42.7372,12.1367,1,8300.0,Ciconia2
IT2114A,Gubbio,43.3675,12.5469,1,8199.0,Semonte Alta
IT2116A,Cigliano,45.2948,8.0434,1,8509.0,Cigliano-Autostrada
IT2117A,Leini,45.1763,7.7116,1,8508.0,Leinì (ACEA) - Grande Torino
IT2118A,Mondovì,44.4018,7.8146,1,8507.0,Mondovì Aragno
IT2119A,Revello,44.7197,7.4262,1,8506.0,Revello - Staffarda
IT2121A,Borgomanero,45.6894,8.4584,1,8505.0,Borgomanero - Molli
IT2128A,Domodossola,46.1276,8.2921,1,8504.0,Domodossola - Curotti
IT2129A,Monfalcone,45.8053,13.522,1,2162998.0,Monfalcone - via Natisone
IT2131A,Grado,45.7316,13.4864,1,2162996.0,Fossalon - via Eraclea
IT2134A,Narni,42.5342,12.5219,1,8503.0,Narni Scalo
IT2139A,Brindisi,40.6458,17.9606,1,8063.0,TERMINAL PASSEGGERI
IT2141A,San Severo,41.6308,15.3867,1,229244.0,Posta del Principe
IT2142A,Lucera,41.5467,15.4408,1,8013.0,Azienda Russo
IT2143A,Monopoli,40.9614,17.2842,2,8616.0,MONOPOLI
IT2144A,Modugno,41.1078,16.7661,1,8281.0,IT2144A
IT2148A,Ceglie Messapica,40.6492,17.5125,1,8499.0,Ceglie Messapica
IT2151A,Torchiarolo,40.4894,18.0472,2,8606.0,TORCHIAROLO
IT2152A,Torviscosa,45.822,13.2714,2,2163023.0,Torviscosa - viale Marconi
IT2155A,Cengio,44.397,8.206,2,221505.0,IT2155A
IT2161A,Castel di Sangro,41.7794,14.1036,1,2162938.0,Castel di Sangro
IT2162A,Teramo,42.6656,13.7261,1,2166225.0,Gammarana
IT2166A,Chieti,42.3461,14.1378,1,2162994.0,Scuola Antonelli
IT2167A,Francavilla al Mare,42.4214,14.2792,1,2162992.0,Francavilla
IT2168A,Torino,45.0249,7.6491,2,2162935.0,Torino Lingotto
IT2169A,Bagnaria Arsa,45.8419,13.3019,1,2163022.0,Castions d.M. - via della Villa
IT2170A,Torviscosa,45.8108,13.2622,1,2163025.0,Malisana - via del Pino
IT2172A,Civitavecchia,42.0993,11.7983,-1,,
IT2174A,Latina,41.4511,12.8917,1,7549.0,Latina De Chirico
IT2177A,San Benedetto del Tronto,42.9444,13.8794,1,8496.0,San Benedetto del Tronto
IT2180A,Bojano,41.4845,14.4812,0,,
IT2200A,Sacile,45.9509,12.5017,1,6267695.0,Sacile - via Gramsci
IT2201A,Pordenone,45.9626,12.6559,1,2163017.0,Pordenone - via Marconi
IT2202A,Grumento Nova,40.2884,15.8914,1,8167.0,GRUMENTO 3
IT2203A,Viggiano,40.3349,15.9007,1,8266.0,VIGGIANO 1
IT2204A,Viggiano,40.3242,15.8674,1,8493.0,VIGGIANO - MASSERIA DE BLASIIS
IT2205A,Viggiano,40.3156,15.9548,1,8492.0,VIGGIANO - COSTA MOLINA SUD 1
IT2209A,Faenza,44.2856,11.8734,1,7617.0,PARCO BERTOZZI
IT2210A,Solofra,40.8355,14.8246,1,2162889.0,Solofra Zona Industriale
IT2211A,Acerra,40.9797,14.401,1,2162891.0,Acerra Zona Industriale
IT2212A,Napoli (greater city),40.9243,14.4813,1,2162897.0,San Vitaliano Scuola Elementare Marconi
IT2213A,Cava de' Tirreni,40.711,14.7024,1,2162888.0,Cava de' Tirreni Stadio
IT2214A,Napoli (greater city),40.7404,14.6435,1,2335282.0,Nocera Inferiore scuola Solimene
IT2216A,Napoli (greater city),40.9146,14.2987,1,2162894.0,Casoria Scuola Palizzi (CAM)
IT2218A,San Felice a Cancello,40.9905,14.424,1,2162892.0,San Felice a Cancello Complesso scolastico
IT2219A,Acerra,40.9411,14.3698,1,2162893.0,Acerra scuola Caporale
IT2221A,Napoli (greater city),40.8449,14.2057,1,2162904.0,Tirrenopower Via Epomeo
IT2223A,Napoli (greater city),40.8864,14.35,1,2162895.0,Tirrenopower Volla
IT2226A,Napoli (greater city),40.9209,14.3895,1,2162896.0,Pomigliano d'Arco Area ASI
IT2227A,Avellino,40.9188,14.7855,3,8594.0,AV41 SCUOLA V CIRCOLO
IT2228A,Benevento,41.1157,14.78,1,2162882.0,Benevento Campo Sportivo
IT2233A,Aosta,45.7344,7.3043,1,2162907.0,Aosta Liconi
IT2241A,Massa,44.0311,10.1328,1,8488.0,MS-MARINA-VECCHIA
IT2243A,Verona,45.433,11.0301,0,,
IT2247A,Fiumicino,41.7682,12.237,1,7544.0,Fiumicino Villa Guglielmi
IT2249A,Civitavecchia,42.16,11.7427,1,7519.0,S. Agostino
IT2250A,Civitavecchia,42.1022,11.7844,3,7512.0,Fiumaretta
IT2251A,Civitavecchia,42.0988,11.8177,1,7518.0,Faro
IT2252A,Civitavecchia,42.0818,11.8094,2,7517.0,Campo dell'Oro
IT2254A,Allumiere,42.161,11.9,4,7514.0,Allumiere - v.Aldo Moro
IT2263A,Trieste,45.6206,13.7838,0,,
IT2268A,Battipaglia,40.6111,14.9758,1,2162886.0,Battipaglia parco fiume
IT2269A,Salerno,40.6614,14.8045,0,,
IT2270A,Napoli (greater city),40.8159,14.3493,1,2162899.0,Portici parco reggia
IT2272A,Pozzuoli,40.8229,14.1225,0,,
IT2273A,Polla,40.487,15.5283,1,2162884.0,Polla Area tritovagliatore
IT2274A,Porto Empedocle,37.2919,13.5325,1,2162984.0,Porto Empedocle
IT2275A,Messina,38.1743,15.5465,1,2162956.0,ME - Villa Dante
IT2277A,Napoli (greater city),40.7989,14.1794,0,,
IT2280A,Trieste,45.6405,13.7661,1,2163003.0,Trieste - P.le Rosmini
IT2281A,Agrigento,37.307,13.594,2,2162985.0,AG - Centro
IT2282A,Novara,45.4397,8.6204,2,8376.0,Novara - Roma
IT2283A,Ottati,40.4706,15.2987,1,2162885.0,Ottati Alburni
IT2284A,Aosta,45.7324,7.3219,4,275223.0,balcone 4° piano durante la nevicata
IT2286A,Vado Ligure,44.2618,8.4457,1,2162921.0,VIA DE LITTA - VADO LIGURE
IT2287A,Palermo,38.1307,13.3465,1,2162942.0,PA - Castelnuovo
IT2289A,Ancona,43.6059,13.4923,0,,
IT2290A,Guardia Perticara,40.364,16.0975,0,,
IT2291A,Tricarico,40.6205,16.1474,0,,
IT2293A,Monfalcone,45.803,13.5445,1,2163020.0,Monfalcone - Area verde
IT2294A,Cavallermaggiore,44.7043,7.6853,0,,
IT2297A,Palermo,38.1051,13.3465,2,2162943.0,PA - Indipendenza
IT2298A,Masone,44.5084,8.7046,0,,
IT2299A,Cairo Montenotte,44.3995,8.281,0,,
IT2300A,Brescia,45.5386,10.2319,2,8277.0,BRESCIA – VIA TARTAGLIA
IT2301A,Brescia,45.5087,10.2564,1,2162843.0,BRESCIA SAN POLO
IT2302A,Chiavari,44.3191,9.3295,1,221606.0,IT1943A
IT2303A,Bergeggi,44.2531,8.4426,1,2162921.0,VIA DE LITTA - VADO LIGURE
IT2304A,Savona,44.3776,8.41,0,,
IT2307A,Agrigento,37.2992,13.5516,1,2162983.0,AG - Monserrato
IT2308A,Bagheria,38.0861,13.5041,1,2162947.0,Bagheria
IT2312A,Gela,37.0651,14.2613,2,2162976.0,Gela - Tribunale
IT2313A,Lampedusa e Linosa,35.5028,12.5979,1,2162990.0,Lampedusa
IT2317A,Siracusa,37.0858,15.268,1,2162963.0,SR - ASP Pizzuta
IT2318A,Trapani,37.8825,12.718,1,2162982.0,TP - Diga Rubino
IT2319A,Venezia,45.4356,12.3231,0,,
IT2321A,Sacile,45.9575,12.5082,1,6267695.0,Sacile - via Gramsci
IT2322A,Terni,42.5723,12.6789,0,,
IT2323A,Busalla,44.5678,8.949,3,221593.0,IT1026A
IT2324A,Gorizia,45.9365,13.6161,1,2163021.0,Gorizia - via Duca D'Aosta 117
IT2325A,Carlino,45.7956,13.1466,1,6267693.0,Carlino - Bosco Bando
IT2326A,San Giorgio di Nogaro,45.8202,13.2175,1,6267694.0,S.Giorgio di Nogaro - via dell'Istria
IT2327A,Genova,44.4344,8.8925,0,,
IT2333A,Darfo Boario Terme,45.8763,10.1788,1,8270.0,IT1385A
IT2335A,Corleto Perticara,40.3884,16.035,0,,
IT2336A,Gorgoglione,40.4044,16.1191,0,,
IT2337A,Portovenere,44.0645,9.8387,1,221595.0,IT1546A
IT2339A,Genova,44.4044,8.9656,2,221510.0,IT1698A
